name,ttm,12/31/2021,09/30/2021,06/30/2021,03/31/2021,12/31/2020,09/30/2020,08/31/2020,06/30/2020,05/31/2020,03/31/2020,12/31/2019,09/30/2019,08/31/2019,06/30/2019,03/31/2019,12/31/2018,09/30/2018,08/31/2018,06/30/2018,03/31/2018,12/31/2017,09/30/2017,06/30/2017,03/31/2017,12/31/2016,09/30/2016,06/30/2016,03/31/2016,12/31/2015,09/30/2015,06/30/2015,03/31/2015,12/31/2014,09/30/2014,06/30/2014,03/31/2014,12/31/2013,09/30/2013,06/30/2013,03/31/2013,12/31/2012,09/30/2012,06/30/2012,03/31/2012,12/31/2011,09/30/2011,06/30/2011,03/31/2011,12/31/2010,09/30/2010,06/30/2010,03/31/2010,12/31/2009,09/30/2009,06/30/2009,03/31/2009,12/31/2008,09/30/2008,06/30/2008,03/31/2008,12/31/2007,09/30/2007,06/30/2007,03/31/2007,12/31/2006,09/30/2006,06/30/2006,03/31/2006,12/31/2005,09/30/2005,06/30/2005,03/31/2005,12/31/2004,09/30/2004,06/30/2004,03/31/2004,12/31/2003,09/30/2003,05/31/2003
TotalRevenue,"4,357,373,000","1,343,213,000","997,990,000","1,032,472,000","983,698,000","1,356,567,000","967,719,000","967,719,000","920,023,000","920,023,000","873,102,000","1,150,352,000","820,812,000","820,812,000","811,647,000","835,963,000","1,082,135,000","785,965,000","785,965,000","779,396,000","785,371,000","891,509,000","643,642,000","628,611,000","624,217,000","819,435,000","566,677,000","547,341,000","539,175,000","741,183,000","484,696,000","488,622,000","502,027,000","642,950,000","446,568,000","450,463,000","453,852,000","566,547,000","404,050,000","414,009,000","417,617,000","539,650,000","378,077,000","376,124,000","384,587,000","501,748,000","376,326,000","384,933,000","389,186,000","479,971,000","347,388,000","362,405,000","381,131,000","462,882,000","302,715,000","316,632,000","321,828,000","428,166,000","323,588,000","334,347,000","339,012,000","445,942,000","337,318,000","340,289,000","339,321,000","435,254,000","326,669,000","327,741,000","347,654,000","457,399,000","337,576,000","346,954,000","369,668,000","478,528,000","324,978,000","324,236,000","318,754,000","433,006,000","292,848,000","295,216,000"
	OperatingRevenue,"4,357,373,000","1,343,213,000","997,990,000","1,032,472,000","983,698,000","1,356,567,000","967,719,000","967,719,000","920,023,000","920,023,000","873,102,000","1,150,352,000","820,812,000","820,812,000","811,647,000","835,963,000","1,082,135,000","785,965,000","785,965,000","779,396,000","785,371,000","891,509,000","643,642,000","628,611,000","624,217,000","819,435,000","566,677,000","547,341,000","539,175,000","741,183,000","484,696,000","488,622,000","502,027,000","642,950,000","446,568,000","450,463,000","453,852,000","566,547,000","404,050,000","414,009,000","417,617,000","539,650,000","378,077,000","376,124,000","384,587,000","501,748,000","376,326,000","384,933,000","389,186,000","479,971,000","347,388,000","362,405,000","381,131,000","462,882,000","302,715,000","316,632,000","321,828,000","428,166,000","323,588,000","334,347,000","339,012,000","445,942,000","337,318,000","340,289,000","339,321,000","435,254,000","326,669,000","327,741,000","347,654,000","457,399,000","337,576,000","346,954,000","369,668,000","478,528,000","324,978,000","324,236,000","318,754,000","433,006,000","292,848,000","295,216,000"
CostOfRevenue,"2,669,131,000","837,012,000","612,790,000","624,782,000","594,547,000","821,303,000","605,738,000","605,738,000","562,932,000","562,932,000","532,945,000","703,064,000","504,561,000","504,561,000","494,976,000","513,674,000","668,180,000","490,686,000","490,686,000","485,816,000","485,506,000","610,657,000","445,164,000","435,766,000","430,401,000","564,701,000","392,774,000","375,503,000","371,959,000","509,744,000","342,742,000","335,950,000","344,961,000","453,385,000","313,054,000","315,818,000","316,810,000","394,000,000","283,416,000","288,022,000","287,811,000","378,975,000","266,670,000","261,517,000","269,938,000","356,890,000","272,967,000","274,239,000","277,580,000","343,863,000","253,235,000","262,069,000","273,137,000","333,833,000","219,564,000","230,673,000","233,011,000","319,421,000","244,868,000","246,588,000","250,977,000","333,953,000","253,390,000","248,422,000","248,251,000","319,562,000","240,890,000","238,976,000","253,359,000","340,035,000","251,064,000","258,555,000","276,655,000","362,842,000","245,696,000","246,635,000","237,643,000","320,521,000","221,348,000","218,423,000"
GrossProfit,"1,688,242,000","506,201,000","385,200,000","407,690,000","389,151,000","535,264,000","361,981,000","361,981,000","357,091,000","357,091,000","340,157,000","447,288,000","316,251,000","316,251,000","316,671,000","322,289,000","413,955,000","295,279,000","295,279,000","293,580,000","299,865,000","280,852,000","198,478,000","192,845,000","193,816,000","254,734,000","173,903,000","171,838,000","167,216,000","231,439,000","141,954,000","152,672,000","157,066,000","189,565,000","133,514,000","134,645,000","137,042,000","172,547,000","120,634,000","125,987,000","129,806,000","160,675,000","111,407,000","114,607,000","114,649,000","144,858,000","103,359,000","110,694,000","111,606,000","136,108,000","94,153,000","100,336,000","107,994,000","129,049,000","83,151,000","85,959,000","88,817,000","108,745,000","78,720,000","87,759,000","88,035,000","111,989,000","83,928,000","91,867,000","91,070,000","115,692,000","85,779,000","88,765,000","94,295,000","117,364,000","86,512,000","88,399,000","93,013,000","115,686,000","79,282,000","77,601,000","81,111,000","112,485,000","71,500,000","76,793,000"
OperatingExpense,"907,834,000","283,513,000","204,920,000","216,788,000","202,613,000","291,220,000","199,800,000","199,800,000","193,508,000","193,508,000","184,323,000","243,337,000","173,222,000","173,222,000","177,748,000","178,785,000","234,319,000","162,847,000","162,847,000","167,435,000","166,389,000","105,601,000","81,398,000","79,978,000","77,782,000","104,017,000","72,992,000","68,137,000","68,504,000","93,027,000","61,411,000","60,441,000","62,813,000","86,683,000","56,573,000","53,282,000","52,867,000","74,877,000","53,858,000","52,146,000","54,281,000","72,636,000","49,789,000","48,829,000","47,754,000","68,725,000","47,505,000","48,648,000","46,494,000","68,720,000","45,929,000","45,787,000","50,453,000","65,212,000","42,701,000","45,655,000","43,899,000","56,854,000","38,483,000","34,207,000","38,685,000","55,871,000","40,167,000","48,568,000","40,338,000","52,498,000","35,066,000","42,366,000","40,404,000","60,718,000","41,128,000","41,819,000","42,518,000","55,478,000","50,904,000","38,280,000","37,640,000","57,510,000","49,097,000","37,654,000"
	SellingGeneralAndAdministration,"907,834,000","283,513,000","204,920,000","216,788,000","202,613,000","291,220,000","199,800,000","199,800,000","193,508,000","193,508,000","184,323,000","243,337,000","173,222,000","173,222,000","177,748,000","178,785,000","234,319,000","162,847,000","162,847,000","167,435,000","166,389,000","105,601,000","81,398,000","79,978,000","77,782,000","104,017,000","72,992,000","68,137,000","68,504,000","93,027,000","61,411,000","60,441,000","62,813,000","86,683,000","56,573,000","53,282,000","52,867,000","74,877,000","53,858,000","52,146,000","54,281,000","72,636,000","49,789,000","48,829,000","47,754,000","68,725,000","47,505,000","48,648,000","46,494,000","68,720,000","45,929,000","45,787,000","50,453,000","65,212,000","42,701,000","45,655,000","43,899,000","56,854,000","38,483,000","34,207,000","38,685,000","55,871,000","40,167,000","48,568,000","40,338,000","52,498,000","35,066,000","42,366,000","40,404,000","60,718,000","41,128,000","41,819,000","42,518,000","55,478,000","50,904,000","38,280,000","37,640,000","57,510,000","49,097,000","37,654,000"
		GeneralAndAdministrativeExpense,"428,333,000","140,290,000","96,342,000","100,448,000","91,253,000","138,404,000","91,652,000","91,652,000","88,068,000","88,068,000","88,489,000","119,653,000","83,728,000","83,728,000","89,248,000","89,664,000","121,411,000","80,369,000","80,369,000","86,506,000","84,178,000","105,601,000","81,398,000","79,978,000","77,782,000","104,017,000","72,992,000","68,137,000","68,504,000","93,027,000","61,411,000","60,441,000","62,813,000","86,683,000","56,573,000","53,282,000","52,867,000","74,877,000","53,858,000","52,146,000","54,281,000","72,636,000","49,789,000",,,,"47,505,000",,,,"45,929,000","45,787,000",,,,,,,,,,,,,,,,,,,,,,,,,,,,
			OtherGandA,"428,333,000","140,290,000","96,342,000","100,448,000","91,253,000","138,404,000","91,652,000","91,652,000","88,068,000","88,068,000","88,489,000","119,653,000","83,728,000","83,728,000","89,248,000","89,664,000","121,411,000","80,369,000","80,369,000","86,506,000","84,178,000","105,601,000","81,398,000","79,978,000","77,782,000","104,017,000","72,992,000","68,137,000","68,504,000","93,027,000","61,411,000","60,441,000","62,813,000","86,683,000","56,573,000","53,282,000","52,867,000","74,877,000","53,858,000","52,146,000","54,281,000","72,636,000","49,789,000",,,,"47,505,000",,,,"45,929,000","45,787,000",,,,,,,,,,,,,,,,,,,,,,,,,,,,
		SellingAndMarketingExpense,"479,501,000","143,223,000","108,578,000","116,340,000","111,360,000","152,816,000","108,148,000","108,148,000","105,440,000","105,440,000","95,834,000","123,684,000","89,494,000","89,494,000","88,500,000","89,121,000","112,908,000","82,478,000","82,478,000","80,929,000","82,211,000",,,,,,,,,,,,,,,,,,,,,,,,,,,,,,,,,,,,,,,,,,,,,,,,,,,,,,,,,,,
OperatingIncome,"780,408,000","222,688,000","180,280,000","190,902,000","186,538,000","244,044,000","162,181,000","162,181,000","163,583,000","163,583,000","155,834,000","203,951,000","143,029,000","143,029,000","138,923,000","143,504,000","179,636,000","132,432,000","132,432,000","126,145,000","133,476,000","175,251,000","117,080,000","112,867,000","116,034,000","150,717,000","100,911,000","103,701,000","98,712,000","138,412,000","80,543,000","92,231,000","94,253,000","102,882,000","76,941,000","81,363,000","84,175,000","97,670,000","66,776,000","73,841,000","75,525,000","88,039,000","61,618,000","65,778,000","66,895,000","76,133,000","55,854,000","62,046,000","65,112,000","67,388,000","48,224,000","54,549,000","57,541,000","63,837,000","40,450,000","40,304,000","44,918,000","51,891,000","40,237,000","53,552,000","49,350,000","56,118,000","43,761,000","43,299,000","50,732,000","63,194,000","50,713,000","46,399,000","53,891,000","56,646,000","45,384,000","46,580,000","50,495,000","60,208,000","28,378,000","39,321,000","43,471,000","54,975,000","22,403,000","39,139,000"
NetNonOperatingInterestIncomeExpense,"-191,461,000","-60,777,000","-45,475,000","-45,809,000","-39,400,000","-54,479,000","-38,408,000","-38,408,000","-39,087,000","-39,087,000","-38,538,000","-46,681,000","-32,784,000","-32,784,000","-32,944,000","-34,361,000","-45,073,000","-33,184,000","-33,184,000","-34,948,000","-29,806,000","-38,695,000","-32,529,000","-24,335,000","-25,520,000","-33,407,000","-25,097,000","-25,009,000","-25,870,000","-40,285,000","-19,915,000","-18,953,000","-20,071,000","-26,667,000","-19,952,000","-19,824,000","-20,295,000","-27,091,000","-20,323,000","-20,396,000","-20,903,000","-27,733,000","-20,649,000","-20,665,000","-32,096,000","-28,067,000","-20,924,000","-20,970,000","-21,377,000","-28,767,000","-21,954,000","-21,722,000","-24,123,000","-33,313,000","-24,528,000","-25,919,000","-26,501,000",,,,,,,,,,,,,,,,,,,,,,,
	InterestIncomeNonOperating,"345,000","207,000","48,000","68,000","22,000","-115,000","197,000","197,000","640,000","640,000","932,000","1,465,000","968,000","968,000","922,000","693,000","883,000","792,000","792,000","1,179,000","480,000","463,000","612,000","276,000","111,000","129,000","83,000","197,000","276,000","110,000","64,000","57,000","82,000","63,000","22,000","27,000","31,000","63,000","24,000","30,000","42,000","64,000","34,000","52,000","154,000","83,000","60,000","74,000","80,000","98,000","67,000","48,000","30,000","2,000","103,000","111,000","467,000",,,,,,,,,,,,,,,,,,,,,,,
	InterestExpenseNonOperating,"191,806,000","60,984,000","45,523,000","45,877,000","39,422,000","54,364,000","38,605,000","38,605,000","39,727,000","39,727,000","39,470,000","48,146,000","33,752,000","33,752,000","33,866,000","35,054,000","45,956,000","33,976,000","33,976,000","36,127,000","30,286,000","39,158,000","33,141,000","24,611,000","25,631,000","33,536,000","25,180,000","25,206,000","26,146,000","40,395,000","19,979,000","19,010,000","20,153,000","26,730,000","19,974,000","19,851,000","20,326,000","27,154,000","20,347,000","20,426,000","20,945,000","27,797,000","20,683,000","20,717,000","32,250,000","28,150,000","20,984,000","21,044,000","21,457,000","28,865,000","22,021,000","21,770,000","24,153,000","33,315,000","24,631,000","26,030,000","26,968,000",,,,,,,,,,,,,,,,,,,,,,,
OtherIncomeExpense,"36,758,000","34,258,000",,,"2,500,000",,,,,,,,,,,,,,,,,,,,,,,,,,,,,,,,,,,,,,,,,,,,,"-765,000","938,000","1,493,000","6,144,000","7,873,000","14,290,000","12,938,000","21,174,000",,,,,"0",,,"-13,294,000",,,,,,,,,"-1,081,000","-9,751,000",,,,,
	SpecialIncomeCharges,,,,,,,,,,,,,,,,,,,,,,,,,,,,,,,,,,,,,,,,,,,,,,"0","0","0","0","-765,000","938,000","1,493,000","6,144,000","7,873,000","14,290,000","12,938,000","21,174,000",,,,,"0",,,"-13,294,000",,,,,,,,,"-1,081,000","-9,751,000",,,,,
	OtherNonOperatingIncomeExpenses,"36,758,000","34,258,000",,,"2,500,000",,,,,,,,,,,,,,,,,,,,,,,,,,,,,,,,,,,,,,,,,,,,,,"938,000","1,493,000",,,,,,,,,,,,,,,,,,,,,,,,,,,,
PretaxIncome,"625,705,000","196,169,000","134,805,000","145,093,000","149,638,000","189,565,000","123,773,000","123,773,000","124,496,000","124,496,000","117,296,000","157,270,000","110,245,000","110,245,000","105,979,000","109,143,000","134,563,000","99,248,000","99,248,000","91,197,000","103,670,000","136,556,000","84,551,000","88,532,000","90,514,000","117,310,000","75,814,000","78,692,000","72,842,000","98,127,000","60,628,000","73,278,000","74,182,000","76,215,000","56,989,000","61,539,000","63,880,000","70,579,000","46,453,000","53,445,000","54,622,000","60,306,000","40,969,000","45,113,000","34,799,000","48,066,000","34,930,000","41,076,000","43,735,000","37,856,000","27,208,000","34,320,000","39,562,000","38,397,000","30,212,000","27,323,000","39,591,000","16,156,000","14,559,000","28,624,000","23,532,000","21,525,000","18,247,000","2,243,000","13,545,000","47,126,000","37,494,000","33,623,000","42,181,000","63,272,000","33,793,000","36,094,000","40,093,000","43,401,000","1,573,000","25,513,000","29,572,000","34,101,000","-28,862,000","28,211,000"
TaxProvision,"115,238,000","40,484,000","14,403,000","28,474,000","31,877,000","37,668,000","24,644,000","24,644,000","5,828,000","5,828,000","-4,306,000","27,943,000","23,872,000","23,872,000","13,620,000","16,493,000","22,921,000","15,153,000","15,153,000","13,789,000","14,843,000","43,229,000","28,183,000","22,791,000","28,045,000","44,577,000","28,582,000","29,431,000","27,391,000","35,368,000","22,796,000","27,369,000","27,893,000","28,182,000","21,371,000","23,077,000","23,406,000","25,916,000","15,821,000","20,175,000","20,202,000","22,728,000","14,993,000","17,018,000","14,057,000","17,155,000","12,839,000","15,828,000","16,624,000","13,683,000","10,608,000","11,695,000","15,043,000","14,779,000","12,383,000","12,796,000","15,821,000","5,130,000","4,463,000","9,894,000","9,413,000","5,348,000","7,256,000","-74,000","5,147,000","16,081,000","12,970,000","9,117,000","16,029,000","24,165,000","12,977,000","12,693,000","15,135,000","16,384,000","594,000","9,631,000","11,164,000","12,773,000","-10,824,000","10,725,000"
NetIncomeCommonStockholders,"510,467,000","155,685,000","120,402,000","116,619,000","117,761,000","151,897,000","99,129,000","99,129,000","118,668,000","118,668,000","121,602,000","129,327,000","86,373,000","86,373,000","92,359,000","92,650,000","111,642,000","84,095,000","84,095,000","77,408,000","88,827,000","93,327,000","56,368,000","65,741,000","62,469,000","72,733,000","47,232,000","49,261,000","45,451,000","62,759,000","37,832,000","45,909,000","46,289,000","48,033,000","35,618,000","38,462,000","40,474,000","44,663,000","30,632,000","33,270,000","34,420,000","37,578,000","25,976,000","28,095,000","20,742,000","30,911,000","22,091,000","25,248,000","27,111,000","24,173,000","16,600,000","22,625,000","24,519,000","23,618,000","17,829,000","14,527,000","23,770,000","11,026,000","10,096,000","18,730,000","14,119,000","16,177,000","10,991,000","2,317,000","8,398,000","31,045,000","24,524,000","24,506,000","26,152,000","39,107,000","20,816,000","23,401,000","24,958,000","27,017,000","979,000","15,882,000","18,408,000","21,328,000","-52,012,000","12,882,000"
	NetIncome,"510,467,000","155,685,000","120,402,000","116,619,000","117,761,000","151,897,000","99,129,000","99,129,000","118,668,000","118,668,000","121,602,000","129,327,000","86,373,000","86,373,000","92,359,000","92,650,000","111,642,000","84,095,000","84,095,000","77,408,000","88,827,000","93,327,000","56,368,000","65,741,000","62,469,000","72,733,000","47,232,000","49,261,000","45,451,000","62,759,000","37,832,000","45,909,000","46,289,000","48,033,000","35,618,000","38,462,000","40,474,000","44,663,000","30,632,000","33,270,000","34,420,000","37,578,000","25,976,000","28,095,000","20,742,000","30,911,000","22,091,000","25,248,000","27,111,000","24,173,000","16,600,000","22,625,000","24,519,000","23,618,000","17,829,000","14,527,000","23,770,000","11,026,000","10,096,000","18,730,000","14,119,000","16,177,000","10,991,000","2,317,000","8,398,000","31,045,000","24,524,000","24,506,000","26,152,000","39,107,000","20,816,000","23,401,000","24,958,000","27,017,000","979,000","15,882,000","18,408,000","21,328,000","-18,038,000","17,486,000"
		NetIncomeIncludingNoncontrollingInterests,"510,467,000","155,685,000","120,402,000","116,619,000","117,761,000","151,897,000","99,129,000","99,129,000","118,668,000","118,668,000","121,602,000","129,327,000","86,373,000","86,373,000","92,359,000","92,650,000","111,642,000","84,095,000","84,095,000","77,408,000","88,827,000","93,327,000","56,368,000","65,741,000","62,469,000","72,733,000","47,232,000","49,261,000","45,451,000","62,759,000","37,832,000","45,909,000","46,289,000","48,033,000","35,618,000","38,462,000","40,474,000","44,663,000","30,632,000","33,270,000","34,420,000","37,578,000","25,976,000","28,095,000","20,742,000","30,911,000","22,091,000","25,248,000","27,111,000","24,173,000","16,600,000","22,625,000","24,519,000","23,618,000","17,829,000","14,527,000","23,770,000","11,026,000","10,096,000","18,730,000","14,119,000","16,177,000","10,991,000","2,317,000","8,398,000","31,045,000","24,524,000","24,506,000","26,152,000","39,107,000","20,816,000","23,401,000","24,958,000","27,017,000","979,000","15,882,000","18,408,000","21,328,000","-18,038,000","17,486,000"
			NetIncomeContinuousOperations,"510,467,000","155,685,000","120,402,000","116,619,000","117,761,000","151,897,000","99,129,000","99,129,000","118,668,000","118,668,000","121,602,000","129,327,000","86,373,000","86,373,000","92,359,000","92,650,000","111,642,000","84,095,000","84,095,000","77,408,000","88,827,000","93,327,000","56,368,000","65,741,000","62,469,000","72,733,000","47,232,000","49,261,000","45,451,000","62,759,000","37,832,000","45,909,000","46,289,000","48,033,000","35,618,000","38,462,000","40,474,000","44,663,000","30,632,000","33,270,000","34,420,000","37,578,000","25,976,000","28,095,000","20,742,000","30,911,000","22,091,000","25,248,000","27,111,000","24,173,000","16,600,000","22,625,000","24,519,000","23,618,000","17,829,000","14,527,000","23,770,000","11,026,000","10,096,000","18,730,000","14,119,000","16,177,000","10,991,000","2,317,000","8,398,000","31,045,000","24,524,000","24,506,000","26,152,000","39,107,000","20,816,000","23,401,000","24,958,000","27,017,000","979,000","15,882,000","18,408,000","21,328,000","-18,038,000","17,486,000"
	OtherunderPreferredStockDividend,,,,,,,,,,,,,,,,,,,,,,,,,,,,,,,,,,,,,,,,,,,,,,,,,,,,,,,,,,,,,,,,,,,,,,,,,,,,,,"0","33,974,000","4,604,000"
DilutedNIAvailtoComStockholders,"510,467,000","155,685,000","120,402,000","116,619,000","117,761,000","151,897,000","99,129,000","99,129,000","118,668,000","118,668,000","121,602,000","129,327,000","86,373,000","86,373,000","92,359,000","92,650,000","111,642,000","84,095,000","84,095,000","77,408,000","88,827,000","93,327,000","56,368,000","65,741,000","62,469,000","72,733,000","47,232,000","49,261,000","45,451,000","62,759,000","37,832,000","45,909,000","46,289,000","48,033,000","35,618,000","38,462,000","40,474,000","44,663,000","30,632,000","33,270,000","34,420,000","37,578,000","25,976,000","28,095,000","20,742,000","30,911,000","22,091,000","25,248,000","27,111,000","24,173,000","16,600,000","22,625,000","24,519,000","23,618,000","17,829,000","14,527,000","23,770,000","11,026,000","10,096,000","18,730,000","14,119,000","16,177,000","10,991,000","2,317,000","8,398,000","31,045,000","24,524,000","24,506,000","26,152,000","39,107,000","20,816,000","23,401,000","24,958,000","27,017,000","979,000","15,882,000","18,408,000","21,328,000","-52,012,000","12,882,000"
BasicEPS,,"4.282","3.29","3.1","3.04","3.855","2.53","2.53","3.04","3.04","3.14","3.322","2.11","2.11","2.25","2.27","2.724","2.02","2.02","1.84","2.084","2.176","1.22","1.363","1.31","1.509","0.98","1.019","0.91","1.148","0.69","0.84","0.836","0.865","0.65","0.7","0.73","0.801","0.56","0.6","0.62",,"0.457","0.5","0.36",,"0.379","0.42","0.46",,"0.28","0.39","0.417",,"0.31","0.253","0.42",,"0.18","0.32","0.24",,"0.18","0.04","0.13",,"0.39","0.4","0.39",,"0.31","0.36","0.36",,"-0.02","0.2","0.29",,"-1.85","0.05"
DilutedEPS,,"4.25","3.24","3.06","3","3.85","2.49","2.49","2.99","2.99","3.07","3.12","2.05","2.05","2.19","2.2","2.62","1.95","1.95","1.78","2","2.09","1.18","1.32","1.26","1.48","0.96","0.98","0.89","1.148","0.67","0.81","0.81","0.85","0.63","0.67","0.71","0.78","0.53","0.57","0.59",,"0.44","0.47","0.35",,"0.36","0.4","0.43",,"0.27","0.37","0.41",,"0.31","0.25","0.41",,"0.17","0.32","0.23",,"0.17","0.04","0.13",,"0.39","0.39","0.39",,"0.3","0.35","0.35",,"-0.02","0.18","0.26",,"-1.85","0.05"
BasicAverageShares,,"36,138,273","36,627,660","37,590,369","38,700,225","38,868,350","39,246,231","39,246,231","39,058,292","39,058,292","38,665,924","38,934,009","40,954,279","40,954,279","41,023,269","40,865,532","40,977,561","41,585,933","41,585,933","42,044,035","42,625,881","42,898,329","46,034,807","48,247,144","47,839,847","48,100,143","48,043,379","48,336,512","49,697,494","49,838,221","54,463,073","54,833,094","55,360,858","55,553,149","54,620,539","55,015,394","55,211,837","55,768,672","55,065,450","55,468,971","55,746,790",,"56,846,578","56,724,754","56,957,875",,"58,245,320","60,428,350","59,410,513",,"58,466,720","58,221,492","58,804,238",,"57,499,085","57,027,733","57,027,733",,"57,079,022","58,531,250","59,403,681",,"61,061,111","57,925,000","62,569,414",,"62,882,051","61,265,000","66,219,407",,"67,148,387","65,002,778","68,922,555",,"36,315,319","36,315,154","63,475,862",,"28,114,595","257,640,000"
DilutedAverageShares,,"36,668,295","37,130,209","38,122,515","39,208,383","39,463,552","39,791,805","39,791,805","39,746,479","39,746,479","39,633,404","41,422,831","42,040,291","42,040,291","42,236,507","42,202,429","42,611,450","43,067,191","43,067,191","43,582,996","44,413,500","44,593,094","47,715,788","49,776,821","49,706,023","49,090,074","49,242,182","50,459,754","51,230,604","53,351,075","56,115,670","56,628,237","57,013,552","56,777,007","56,610,608","57,124,457","57,372,471","57,412,557","57,345,677","57,960,232","58,224,408",,"59,036,364","59,449,449","59,660,962",,"61,363,889","63,226,096","62,340,128",,"60,688,791","60,760,689","59,731,959",,"57,981,137","57,737,247","57,351,475",,"58,042,743","58,531,250","60,085,730",,"64,652,941","57,925,000","64,076,179",,"62,882,051","62,835,897","67,672,576",,"69,386,667","66,860,000","71,555,554",,"40,519,352","40,519,361","70,800,000",,"28,114,595","257,640,000"
TotalOperatingIncomeAsReported,"780,408,000","222,688,000","180,280,000","190,902,000","186,538,000","244,044,000","162,181,000","162,181,000","163,583,000","163,583,000","155,834,000","203,951,000","143,029,000","143,029,000","138,923,000","143,504,000","179,636,000","132,432,000","132,432,000","126,145,000","133,476,000","175,251,000","117,080,000","112,867,000","116,034,000","150,717,000","100,911,000","103,701,000","98,712,000","138,412,000","80,543,000","92,231,000","94,253,000","102,882,000","76,941,000","81,363,000","84,175,000","97,670,000","66,776,000","73,841,000","75,525,000","88,039,000","61,618,000","65,778,000","66,895,000","76,133,000","55,854,000","62,046,000","65,112,000","67,388,000","48,224,000","54,549,000","57,541,000","63,837,000","40,450,000","40,304,000","44,918,000","51,891,000","40,237,000","53,552,000","49,350,000","56,118,000","43,761,000","43,299,000","50,732,000","63,194,000","50,713,000","46,399,000","53,891,000","56,646,000","45,384,000","46,580,000","50,495,000","60,208,000","28,378,000","39,321,000","43,471,000","54,975,000","22,403,000","39,139,000"
TotalExpenses,"3,576,965,000","1,120,525,000","817,710,000","841,570,000","797,160,000","1,112,523,000","805,538,000","805,538,000","756,440,000","756,440,000","717,268,000","946,401,000","677,783,000","677,783,000","672,724,000","692,459,000","902,499,000","653,533,000","653,533,000","653,251,000","651,895,000","716,258,000","526,562,000","515,744,000","508,183,000","668,718,000","465,766,000","443,640,000","440,463,000","602,771,000","404,153,000","396,391,000","407,774,000","540,068,000","369,627,000","369,100,000","369,677,000","468,877,000","337,274,000","340,168,000","342,092,000","451,611,000","316,459,000","310,346,000","317,692,000","425,615,000","320,472,000","322,887,000","324,074,000","412,583,000","299,164,000","307,856,000","323,590,000","399,045,000","262,265,000","276,328,000","276,910,000","376,275,000","283,351,000","280,795,000","289,662,000","389,824,000","293,557,000","296,990,000","288,589,000","372,060,000","275,956,000","281,342,000","293,763,000","400,753,000","292,192,000","300,374,000","319,173,000","418,320,000","296,600,000","284,915,000","275,283,000","378,031,000","270,445,000","256,077,000"
NetIncomeFromContinuingAndDiscontinuedOperation,"510,467,000","155,685,000","120,402,000","116,619,000","117,761,000","151,897,000","99,129,000","99,129,000","118,668,000","118,668,000","121,602,000","129,327,000","86,373,000","86,373,000","92,359,000","92,650,000","111,642,000","84,095,000","84,095,000","77,408,000","88,827,000","93,327,000","56,368,000","65,741,000","62,469,000","72,733,000","47,232,000","49,261,000","45,451,000","62,759,000","37,832,000","45,909,000","46,289,000","48,033,000","35,618,000","38,462,000","40,474,000","44,663,000","30,632,000","33,270,000","34,420,000","37,578,000","25,976,000","28,095,000","20,742,000","30,911,000","22,091,000","25,248,000","27,111,000","24,173,000","16,600,000","22,625,000","24,519,000","23,618,000","17,829,000","14,527,000","23,770,000","11,026,000","10,096,000","18,730,000","14,119,000","16,177,000","10,991,000","2,317,000","8,398,000","31,045,000","24,524,000","24,506,000","26,152,000","39,107,000","20,816,000","23,401,000","24,958,000","27,017,000","979,000","15,882,000","18,408,000","21,328,000","-18,038,000","17,486,000"
NormalizedIncome,"510,467,000","155,685,000","120,402,000","116,619,000","117,761,000","151,897,000","99,129,000","99,129,000","118,668,000","118,668,000","121,602,000","129,327,000","86,373,000","86,373,000","92,359,000","92,650,000","111,642,000","84,095,000","84,095,000","77,408,000","88,827,000","93,327,000","56,368,000","65,741,000","62,469,000","72,733,000","47,232,000","49,261,000","45,451,000","62,759,000","37,832,000","45,909,000","46,289,000","48,033,000","35,618,000","38,462,000","40,474,000","44,663,000","30,632,000","33,270,000","34,420,000","37,578,000","25,976,000","28,095,000","20,742,000","30,911,000","22,091,000","25,248,000","27,111,000","24,173,000","16,600,000","22,625,000","20,711,186.037","18,775,316.613","8,540,500","6,117,300","11,057,363.795","11,026,000","10,096,000","18,730,000","14,119,000","16,177,000","10,991,000","2,317,000","16,640,378.147","31,045,000","24,524,000","24,506,000","26,152,000","39,107,000","20,816,000","23,401,000","24,958,000","27,689,919.449","7,047,804.196","15,882,000","18,408,000","21,328,000","-18,038,000","17,486,000"
InterestIncome,"345,000","207,000","48,000","68,000","22,000","-115,000","197,000","197,000","640,000","640,000","932,000","1,465,000","968,000","968,000","922,000","693,000","883,000","792,000","792,000","1,179,000","480,000","463,000","612,000","276,000","111,000","129,000","83,000","197,000","276,000","110,000","64,000","57,000","82,000","63,000","22,000","27,000","31,000","63,000","24,000","30,000","42,000","64,000","34,000","52,000","154,000","83,000","60,000","74,000","80,000","98,000","67,000","48,000","30,000","2,000","103,000","111,000","467,000",,,,,,,,,,,,,,,,,,,,,,,
InterestExpense,"191,806,000","60,984,000","45,523,000","45,877,000","39,422,000","54,364,000","38,605,000","38,605,000","39,727,000","39,727,000","39,470,000","48,146,000","33,752,000","33,752,000","33,866,000","35,054,000","45,956,000","33,976,000","33,976,000","36,127,000","30,286,000","39,158,000","33,141,000","24,611,000","25,631,000","33,536,000","25,180,000","25,206,000","26,146,000","40,395,000","19,979,000","19,010,000","20,153,000","26,730,000","19,974,000","19,851,000","20,326,000","27,154,000","20,347,000","20,426,000","20,945,000","27,797,000","20,683,000","20,717,000","32,250,000","28,150,000","20,984,000","21,044,000","21,457,000","28,865,000","22,021,000","21,770,000","24,153,000","33,315,000","24,631,000","26,030,000","26,968,000",,,,,,,,,,,,,,,,,,,,,,,
NetInterestIncome,"-191,461,000","-60,777,000","-45,475,000","-45,809,000","-39,400,000","-54,479,000","-38,408,000","-38,408,000","-39,087,000","-39,087,000","-38,538,000","-46,681,000","-32,784,000","-32,784,000","-32,944,000","-34,361,000","-45,073,000","-33,184,000","-33,184,000","-34,948,000","-29,806,000","-38,695,000","-32,529,000","-24,335,000","-25,520,000","-33,407,000","-25,097,000","-25,009,000","-25,870,000","-40,285,000","-19,915,000","-18,953,000","-20,071,000","-26,667,000","-19,952,000","-19,824,000","-20,295,000","-27,091,000","-20,323,000","-20,396,000","-20,903,000","-27,733,000","-20,649,000","-20,665,000","-32,096,000","-28,067,000","-20,924,000","-20,970,000","-21,377,000","-28,767,000","-21,954,000","-21,722,000","-24,123,000","-33,313,000","-24,528,000","-25,919,000","-26,501,000",,,,,,,,,,,,,,,,,,,,,,,
EBIT,"817,511,000","257,153,000","180,328,000","190,970,000","189,060,000","243,929,000","162,378,000","162,378,000","164,223,000","164,223,000","156,766,000","205,416,000","143,997,000","143,997,000","139,845,000","144,197,000","180,519,000","133,224,000","133,224,000","127,324,000","133,956,000","175,714,000","117,692,000","113,143,000","116,145,000","150,846,000","100,994,000","103,898,000","98,988,000","138,522,000","80,607,000","92,288,000","94,335,000","102,945,000","76,963,000","81,390,000","84,206,000","97,733,000","66,800,000","73,871,000","75,567,000","88,103,000","61,652,000","65,830,000","67,049,000","76,216,000","55,914,000","62,120,000","65,192,000","66,721,000","49,229,000","56,090,000","63,715,000","71,712,000","54,843,000","53,353,000","66,559,000","54,637,000","40,237,000","53,552,000","49,350,000","56,118,000","43,761,000","43,299,000","50,732,000","63,194,000","50,713,000","46,399,000","53,891,000","56,646,000","45,384,000","46,580,000","50,495,000","60,208,000","28,378,000","39,321,000","43,471,000","54,975,000","22,403,000","39,139,000"
EBITDA,"890,434,000"
ReconciledCostOfRevenue,"2,669,131,000","837,012,000","612,790,000","624,782,000","594,547,000","821,303,000","605,738,000","605,738,000","562,932,000","562,932,000","532,945,000","703,064,000","504,561,000","504,561,000","494,976,000","513,674,000","668,180,000","490,686,000","490,686,000","485,816,000","485,506,000","610,657,000","445,164,000","435,766,000","430,401,000","564,701,000","392,774,000","375,503,000","371,959,000","509,744,000","342,742,000","335,950,000","344,961,000","453,385,000","313,054,000","315,818,000","316,810,000","394,000,000","283,416,000","288,022,000","287,811,000","378,975,000","266,670,000","261,517,000","269,938,000","356,890,000","272,967,000","274,239,000","277,580,000","343,863,000","253,235,000","262,069,000","273,137,000","333,833,000","219,564,000","230,673,000","233,011,000","319,421,000","244,868,000","246,588,000","250,977,000","333,953,000","253,390,000","248,422,000","248,251,000","319,562,000","240,890,000","238,976,000","253,359,000","340,035,000","251,064,000","258,555,000","276,655,000","362,842,000","245,696,000","246,635,000","237,643,000","320,521,000","221,348,000","218,423,000"
ReconciledDepreciation,"72,923,000","22,704,000","16,578,000","17,176,000","16,465,000","20,922,000","15,327,000","15,327,000","14,757,000",,"14,032,000","18,948,000","13,132,000",,"14,060,000","13,790,000","17,895,000","12,460,000",,"12,241,000","11,069,000","14,315,000","10,281,000","10,275,000","9,498,000","12,680,000","8,704,000","8,535,000","8,221,000","9,739,000","7,667,000","7,681,000","7,347,000","15,764,000","6,947,000","6,656,000","6,421,000","8,303,000","6,073,000","5,776,000","5,631,000","7,319,000","5,411,000","5,225,000","5,216,000","6,964,000","6,010,000","5,462,000","5,606,000","7,627,000","5,431,000","5,491,000","5,503,000","7,281,000","5,506,000","5,490,000","5,787,000","2,326,000","8,610,000","8,115,000","9,326,000","13,275,000","8,831,000","30,218,000","17,464,000","10,688,000","8,404,000","8,090,000","8,464,000","11,138,000","8,161,000","7,971,000","8,165,000","11,550,000",,,"6,945,000","9,829,000",,
NetIncomeFromContinuingOperationNetMinorityInterest,"510,467,000","155,685,000","120,402,000","116,619,000","117,761,000","151,897,000","99,129,000","99,129,000","118,668,000","118,668,000","121,602,000","129,327,000","86,373,000","86,373,000","92,359,000","92,650,000","111,642,000","84,095,000","84,095,000","77,408,000","88,827,000","93,327,000","56,368,000","65,741,000","62,469,000","72,733,000","47,232,000","49,261,000","45,451,000","62,759,000","37,832,000","45,909,000","46,289,000","48,033,000","35,618,000","38,462,000","40,474,000","44,663,000","30,632,000","33,270,000","34,420,000","37,578,000","25,976,000","28,095,000","20,742,000","30,911,000","22,091,000","25,248,000","27,111,000","24,173,000","16,600,000","22,625,000","24,519,000","23,618,000","17,829,000","14,527,000","23,770,000","11,026,000","10,096,000","18,730,000","14,119,000","16,177,000","10,991,000","2,317,000","8,398,000","31,045,000","24,524,000","24,506,000","26,152,000","39,107,000","20,816,000","23,401,000","24,958,000","27,017,000","979,000","15,882,000","18,408,000","21,328,000","-18,038,000","17,486,000"
TotalUnusualItemsExcludingGoodwill,,,,,,,,,,,,,,,,,,,,,,,,,,,,,,,,,,,,,,,,,,,,,,"0","0","0","0","-765,000","938,000","1,493,000","6,144,000","7,873,000","14,290,000","12,938,000","21,174,000",,,,,"0",,,"-13,294,000",,,,,,,,,"-1,081,000","-9,751,000",,,,,
TotalUnusualItems,,,,,,,,,,,,,,,,,,,,,,,,,,,,,,,,,,,,,,,,,,,,,,"0","0","0","0","-765,000","938,000","1,493,000","6,144,000","7,873,000","14,290,000","12,938,000","21,174,000",,,,,"0",,,"-13,294,000",,,,,,,,,"-1,081,000","-9,751,000",,,,,
NormalizedEBITDA,"890,434,000","279,857,000","196,906,000","208,146,000","205,525,000","264,851,000","177,705,000","177,705,000","178,980,000","164,223,000","170,798,000","224,364,000","157,129,000","143,997,000","153,905,000","157,987,000","198,414,000","145,684,000","133,224,000","139,565,000","145,025,000","190,029,000","127,973,000","123,418,000","125,643,000","163,526,000","109,698,000","112,433,000","107,209,000","148,261,000","88,274,000","99,969,000","101,682,000","118,709,000","83,910,000","88,046,000","90,627,000","106,036,000","72,873,000","79,647,000","81,198,000","95,422,000","67,063,000","71,055,000","72,265,000","83,180,000","61,924,000","67,582,000","70,798,000","74,348,000","54,660,000","61,581,000","63,074,000","71,120,000","46,059,000","45,905,000","51,172,000","56,963,000","48,847,000","61,667,000","58,676,000","69,393,000","52,592,000","73,517,000","81,490,000","73,882,000","59,117,000","54,489,000","62,355,000","67,784,000","53,545,000","54,551,000","58,660,000","72,839,000","38,129,000","39,321,000","50,416,000","64,804,000","22,403,000","39,139,000"
TaxRateForCalcs,"0.184","0.206","0.107","0.196","0.213","0.199","0.199","0.199","0.047","0.047","0.27","0.178","0.217","0.217","0.129","0.151","0.17","0.153","0.153","0.151","0.143","0.317","0.333","0.257","0.31","0.38","0.377","0.374","0.376","0.36","0.376","0.373","0.376","0.37","0.375","0.375","0.366","0.367","0.341","0.377","0.37","0.377","0.366","0.377","0.4","0.357","0.368","0.385","0.38","0.361","0.39","0.341","0.38","0.385","0.35","0.35","0.4","0.318","0.307","0.346","0.4","0.248","0.398","0.35","0.38","0.341","0.346","0.271","0.38","0.382","0.384","0.352","0.377","0.378","0.378","0.377","0.378","0.375","0.375","0.38"
TaxEffectOfUnusualItems,"0","0","0","0","0","0","0","0","0","0","0","0","0","0","0","0","0","0","0","0","0","0","0","0","0","0","0","0","0","0","0","0","0","0","0","0","0","0","0","0","0","0","0","0","0","0","0","0","0","0","0","0","2,336,186.037","3,030,316.613","5,001,500","4,528,300","8,461,363.795","0","0","0","0","0","0","0","-5,051,621.853","0","0","0","0","0","0","0","0","-408,080.551","-3,682,195.804","0","0","0","0","0"